ID;FECHA_PREDICCION;CTO;PON;probability_for_class_1;PORCEN_OCUPACION;CLIENTES;TOTAL_GESCAL37;P1;P2;P3;P4;P5
818010;2024-06-25;030-48-012238;BARACALDLAN4810007OLT02-5-12;0.9842745816275228;0.75;6;14;-28.503999710083008;-24.597333908081055;-22.810333251953125;-22.145334243774414;-22.243667602539062
463260;2024-06-25;030-48-012235;BARACALDLAN4810007OLT02-5-12;0.9788397990188272;0.5625;12;26;-27.57088851928711;-24.936500549316406;-23.204666137695312;-22.504833221435547;-22.275333404541016
504230;2024-06-25;030-48-012233;BARACALDLAN4810007OLT02-5-12;0.9750302752093034;0.3125;8;19;-27.28849983215332;-25.76675033569336;-23.85449981689453;-23.18375015258789;-22.914249420166016
205907;2024-06-25;029-08-003502;OLTZ0810007BAR312-15-2;0.9651552287581697;0.5625;9;11;-29.722888946533203;-22.847999572753906;-21.38777732849121;-21.299110412597656;-21.39577865600586
186737;2024-06-25;030-48-012232;BARACALDLAN4810007OLT02-5-12;0.9646591970121381;0.4375;9;16;-28.273500442504883;-24.538888931274414;-22.58314323425293;-21.836286544799805;-21.59600067138672
287901;2024-06-25;030-48-012241;BARACALDLAN4810007OLT02-5-12;0.9629650578179989;0.375;12;39;-28.382333755493164;-25.55900001525879;-23.73345375061035;-23.04218101501465;-22.892000198364258
815500;2024-06-25;030-48-012237;BARACALDLAN4810007OLT02-5-12;0.9520096243625655;0.5;10;18;-27.71733283996582;-24.260799407958984;-22.472999572753906;-22.416000366210938;-21.562400817871094
214024;2024-06-25;030-48-012239;BARACALDLAN4810007OLT02-5-12;0.9419229055258466;0.25;2;14;-29.270000457763672;-25.200000762939453;-23.45800018310547;-22.871999740600586;-22.59000015258789
220480;2024-06-25;030-48-012236;BARACALDLAN4810007OLT02-5-12;0.9325163398692811;0.3125;6;20;-28.231666564941406;-24.47333335876465;-22.57466697692871;-21.924667358398438;-21.650667190551758
272662;2024-06-25;029-06-529964;OLTH0666006BAD011-1-8;0.93183733923677;0.21879999339580536;5;30;-28.59749984741211;-25.866666793823242;-25.375;-24.983333587646484;-25.001667022705078
55958;2024-06-25;029-13-517653;OLTH1314001CIU581-2-5;0.91693837535014;0.5;3;11;-28.260000228881836;-27.010000228881836;-26.700000762939453;-19.625;-19.625
807780;2024-06-25;030-48-012231;BARACALDLAN4810007OLT02-5-12;0.9069271433591588;0.375;3;20;-26.37933349609375;-24.434999465942383;-22.712499618530273;-22.045000076293945;-21.727500915527344
682669;2024-06-25;029-28-042526;OLTZ2810013MAD211-6-9;0.8638737200248737;0.25;4;18;-30.85700035095215;-30.711999893188477;-30.597999572753906;-30.597999572753906;-30.469999313354492
590502;2024-06-25;029-29-522708;OLTZ2962007MAL511-13-9;0.8051855824618249;0.3125;5;8;-25.86359977722168;-22.29439926147461;-20.118000030517578;-19.911666870117188;-19.901599884033203
15932;2024-06-25;029-28-878947;OLTZ2812002MAD012-2-16;0.7848860523976284;0.666700005531311;2;3;-27.57900047302246;-27.183000564575195;-26.812999725341797;-27.183000564575195;-27.57900047302246
2154;2024-06-25;029-28-874535;OLTZ2810064MAD132-7-4;0.7751627437897264;0.375;6;24;-25.536666870117188;-25.578332901000977;-24.726285934448242;-24.810285568237305;-25.32633399963379
26273;2024-06-25;029-24-525981;OLTZ2410002LEO221-2-4;0.760202549100094;0.75;1;4;-26.989999771118164;-26.989999771118164;-26.777999877929688;-26.989999771118164;-26.989999771118164
621657;2024-06-25;030-48-012234;BARACALDLAN4810007OLT02-5-14;0.7489134705877636;0.41670000553131104;9;14;-24.488571166992188;-23.601110458374023;-22.4417781829834;-21.91666603088379;-21.7104434967041
519581;2024-06-25;029-21-503766;OLTZ2110002HLV121-8-6;0.7454994075387154;0.25;4;18;-24.218000411987305;-21.905500411987305;-21.870500564575195;-21.851999282836914;-21.9060001373291
29117;2024-06-25;029-08-840253;OLTZ0814002BAR011-2-3;0.7443465404917328;0.666700005531311;4;6;-27.120500564575195;-27.125;-27.20549964904785;-27.125;-27.074499130249023
22066;2024-06-25;030-20-001003;SANSEBASAMA2010002OLT02-2-8;0.743313677018947;0.5;5;11;-25.465999603271484;-25.457599639892578;-25.4507999420166;-25.552400588989258;-25.49340057373047
15512;2024-06-25;029-11-516699;OLTZ1130002CAD112-5-3;0.7367009301530452;0.4375;7;25;-24.582857131958008;-24.529142379760742;-24.530284881591797;-24.479713439941406;-24.50257110595703
15552;2024-06-25;029-23-514730;OLTZ2362001JAE011-3-7;0.7295189845764869;0.5;1;3;-25.22800064086914;-25.086000442504883;-25.086000442504883;-25.086000442504883;-25.22800064086914
14559;2024-06-25;029-43-515655;OLTZ4302008TAR012-5-3;0.7146046954933443;0.25;2;10;-25.86400032043457;-25.982999801635742;-26.256000518798828;-25.94300079345703;-25.774999618530273
1693;2024-06-25;030-33-000263;OVIEDOBUE3310002OLT01-4-13;0.7052835099966948;0.375;7;26;-24.66628646850586;-24.676856994628906;-24.752857208251953;-24.755142211914062;-24.66028594970703
29069;2024-06-25;030-32-003109;ORENSEPOS3210002OLT04-7-16;0.7013452128492259;0.41670000553131104;8;15;-24.712499618530273;-24.67650032043457;-24.82925033569336;-24.706249237060547;-24.644250869750977
19923;2024-06-25;029-28-042017;OLTZ2810013MAD211-2-11;0.6979422388202257;0.375;5;19;-25.241600036621094;-25.22760009765625;-25.076000213623047;-25.110000610351562;-25.190399169921875
19096;2024-06-25;030-36-011070;VIGOCAL3620003OLT01-7-15;0.6766741277453316;0.41670000553131104;28;44;-22.950071334838867;-22.950071334838867;-22.84592628479004;-22.84592628479004;-22.84592628479004
580343;2024-06-25;029-28-265239;OLTT2810050MAD121-6-14;0.6747541225553504;0.5;7;21;-22.156286239624023;-20.9471435546875;-19.895143508911133;-18.89228630065918;-18.3531436920166
109411;2024-06-25;029-29-522703;OLTZ2962007MAL511-13-9;0.6714711973661364;0.625;10;32;-23.543399810791016;-23.12220001220703;-22.813199996948242;-22.752666473388672;-22.87849998474121
21960;2024-06-25;029-08-813817;OLTZ0810026BAR131-7-11;0.661267388256888;0.21879999339580536;7;28;-24.387142181396484;-24.23914337158203;-24.18228530883789;-24.22800064086914;-24.191429138183594
15240;2024-06-25;030-48-011301;BARACALDLAN4810007OLT02-8-4;0.6552596125731185;0.375;9;22;-23.20400047302246;-23.168249130249023;-22.95400047302246;-23.05933380126953;-23.03822135925293
16468;2024-06-25;029-03-561519;OLTZ0362003ALI111-13-4;0.6546095394863615;0.625;10;36;-23.228599548339844;-22.88309097290039;-22.875818252563477;-22.911455154418945;-22.926362991333008
490471;2024-06-25;029-28-244166;OLTZ2810041MAD121-7-5;0.654354348127311;0.375;6;23;-23.238000869750977;-23.221332550048828;-24.836666107177734;-23.305334091186523;-23.762666702270508
13740;2024-06-25;029-48-500888;OLTZ4810012VIZ011-3-14;0.6528815789342626;0.375;9;22;-24.712888717651367;-24.704666137695312;-24.696443557739258;-24.737333297729492;-24.745777130126953
29610;2024-06-25;029-41-552538;OLTZ4110087SEV511-4-2;0.6496101219810237;0.75;9;40;-22.74509048461914;-22.935667037963867;-22.905834197998047;-23.086166381835938;-23.062166213989258
13843;2024-06-25;029-41-004334;OLTZ4110021SEV022-8-7;0.6495494514676226;0.4375;6;15;-23.878286361694336;-23.860857009887695;-24.373666763305664;-23.834857940673828;-24.17766761779785
171600;2024-06-25;029-21-503763;OLTZ2110002HLV121-8-6;0.6464559512992294;0.5625;8;30;-22.307750701904297;-19.97024917602539;-20.053499221801758;-20.012250900268555;-19.953500747680664
27953;2024-06-25;030-32-000278;ORENSEPOS3210002OLT04-2-6;0.6457960379571739;0.666700005531311;8;34;-24.301776885986328;-23.883249282836914;-23.912599563598633;-23.929000854492188;-23.996200561523438
2177;2024-06-25;030-33-000723;OVIEDOBUE3310002OLT02-2-11;0.6353805142132338;0.708299994468689;21;41;-22.702299118041992;-22.51952362060547;-22.519332885742188;-22.57209587097168;-22.51285743713379
16203;2024-06-25;029-28-896527;OLTZ2810041MAD111-16-10;0.6311386713123837;0.0625;1;10;-27.214000701904297;-27.214000701904297;-27.214000701904297;-27.214000701904297;-26.989999771118164
559410;2024-06-25;029-08-003503;OLTZ0810007BAR312-15-2;0.6222329339378673;0.75;12;12;-21.671833038330078;-20.59950065612793;-20.363500595092773;-20.383333206176758;-20.372833251953125
21510;2024-06-25;030-36-010492;VIGOCAL3620003OLT01-5-12;0.6212904094634273;0.666700005531311;16;35;-22.182750701904297;-22.182750701904297;-22.246932983398438;-22.246932983398438;-22.246932983398438
13828;2024-06-25;029-08-042490;OLTZ0810012BAR011-15-8;0.6155977279430047;0.375;9;45;-23.265111923217773;-23.303333282470703;-23.246889114379883;-23.234222412109375;-23.251556396484375
14571;2024-06-25;029-24-512753;OLTZ2410002LEO211-9-12;0.6118091256860552;0.125;1;20;-21.673999786376953;-22.006000518798828;-21.804000854492188;-21.134000778198242;-21.02199935913086
16439;2024-06-25;029-41-064291;OLTZ4110021SEV911-7-8;0.6102157675715678;0.5;9;27;-23.149333953857422;-23.09866714477539;-23.118444442749023;-23.116443634033203;-23.186445236206055
4532;2024-06-25;030-33-007408;OVIEDOPOR3310001OLT05-1-6;0.609202832929468;0.41670000553131104;7;16;-23.797142028808594;-23.842857360839844;-23.862857818603516;-23.834285736083984;-23.82457160949707
14676;2024-06-25;029-47-540578;OLTH4767008VLD011-1-2;0.6085410090595383;0.33329999446868896;1;1;-24.809999465942383;-24.809999465942383;-24.809999465942383;-24.809999465942383;-24.940000534057617
179139;2024-06-25;029-28-265238;OLTT2810050MAD121-6-14;0.6070649215226231;0.4375;15;48;-21.01093292236328;-20.524133682250977;-20.158933639526367;-19.810266494750977;-19.58679962158203
1691;2024-06-25;029-43-521022;OLTZ4302008TAR021-16-5;0.6055251613021659;0.428600013256073;4;8;-23.839000701904297;-23.855499267578125;-23.84749984741211;-23.822500228881836;-23.839000701904297
14787;2024-06-25;029-28-321616;OLTZ2861001MAD112-4-15;0.6022226277695089;0.3125;4;22;-24.059999465942383;-24.059999465942383;-24.076000213623047;-23.895000457763672;-24.028499603271484
14655;2024-06-25;029-28-041007;OLTZ2810013MAD211-2-7;0.601345007975429;0.5625;9;24;-22.926250457763672;-22.947500228881836;-22.995250701904297;-22.905000686645508;-22.993499755859375
21076;2024-06-25;030-01-011263;VITORIALAK0110096OLT01-9-1;0.6009651276993747;0.6875;32;53;-20.93375015258789;-20.928688049316406;-20.934709548950195;-20.933624267578125;-20.930437088012695
19114;2024-06-25;030-48-000391;BILBAOBEG4810015OLT02-4-15;0.6002415110085936;0.625;11;22;-21.138362884521484;-21.07200050354004;-21.119455337524414;-21.031091690063477;-21.079999923706055
19536;2024-06-25;029-08-520374;OLTT0810027BAR511-18-10;0.599985752995736;0.8125;13;21;-19.19533348083496;-18.94683265686035;-19.56553840637207;-19.369384765625;-19.676000595092773
26780;2024-06-25;029-35-505833;OLTZ3513002LAP011-14-2;0.5974494320971825;0.7813000082969666;21;47;-21.69066619873047;-21.696380615234375;-21.716476440429688;-21.715429306030273;-21.729143142700195
20517;2024-06-25;030-33-011577;AVILESMAG3320003OLT01-9-8;0.5972588084663306;0.583299994468689;7;18;-22.53257179260254;-22.53285789489746;-22.540285110473633;-22.49542808532715;-22.535429000854492
16623;2024-06-25;029-25-502122;OLTZ2510012LER521-7-11;0.5969952524166144;0.5;10;40;-22.256250381469727;-22.899778366088867;-22.296363830566406;-22.411090850830078;-22.4569091796875
15192;2024-06-25;029-20-504452;OLTZ2010010GUI012-6-8;0.5959873163136639;0.46880000829696655;21;45;-20.930400848388672;-20.97599983215332;-20.948726654052734;-20.895427703857422;-20.923818588256836
211182;2024-06-25;029-29-522702;OLTZ2962007MAL511-13-9;0.5954456134409061;0.75;9;54;-22.555200576782227;-22.428199768066406;-22.527454376220703;-22.2101993560791;-22.108400344848633
26826;2024-06-25;030-08-006117;HOSPITALCAN0810043OLT01-2-1;0.5942655290654281;0.5625;9;23;-24.074222564697266;-24.04711151123047;-24.070667266845703;-24.03911018371582;-24.03844451904297
1979;2024-06-25;029-09-513964;OLTZ0961003BUR011-7-5;0.5913382704266323;0.375;10;27;-22.734909057617188;-22.736181259155273;-22.74818229675293;-22.799636840820312;-22.75381851196289
27928;2024-06-25;029-13-506286;OLTZ1310002CIU521-2-9;0.5909402578796741;0.875;13;47;-20.800922393798828;-20.476499557495117;-20.833538055419922;-20.83323097229004;-20.925077438354492
13766;2024-06-25;029-08-824714;OLTZ0810028BAR021-15-13;0.5901409520221637;0.4000000059604645;2;5;-21.847000122070312;-21.913999557495117;-21.878000259399414;-21.808000564575195;-21.878000259399414
16540;2024-06-25;029-07-542659;OLTH0763005BAL011-16-12;0.5892931423999128;0.25;5;12;-16.115999221801758;-16.142000198364258;-16.172000885009766;-16.152000427246094;-16.055999755859375
16210;2024-06-25;030-48-010891;BARACALDLAN4810007OLT02-5-13;0.5882056495076494;0.3125;7;23;-22.451143264770508;-21.678571701049805;-21.45628547668457;-21.37057113647461;-21.37714195251465
27008;2024-06-25;029-30-539155;OLTZ3066001MUR011-6-2;0.5871444623255538;1.0;1;1;-19.95599937438965;-19.95599937438965;-19.913999557495117;-19.829999923706055;-19.913999557495117
15867;2024-06-25;029-29-021639;OLTZ2910002MAL011-17-11;0.5871039392521806;0.4375;9;12;-23.75177764892578;-23.79511070251465;-23.745777130126953;-23.7364444732666;-23.729333877563477
18395;2024-06-25;029-41-564549;OLTZ4114001SEV021-3-8;0.5863856975639992;0.625;10;29;-22.05699920654297;-22.132999420166016;-22.154199600219727;-22.270999908447266;-22.19580078125
21387;2024-06-25;030-08-025916;GAVAVIL0814003OLT02-3-9;0.5854861143768938;0.45829999446868896;11;24;-21.229000091552734;-21.18672752380371;-21.24818229675293;-21.21454620361328;-21.21072769165039
2583;2024-06-25;030-48-002019;BILBAOBEG4810015OLT01-3-13;0.5815809273035922;0.4375;11;35;-23.09563636779785;-23.103818893432617;-23.226600646972656;-23.06418228149414;-23.08066749572754
15452;2024-06-25;029-28-206387;OLTZ2810037MAD512-17-11;0.5804672328034997;0.375;6;18;-22.481332778930664;-22.57033348083496;-22.515666961669922;-22.596332550048828;-22.53733253479004
23366;2024-06-25;030-33-004902;OVIEDOPOR3310001OLT01-8-16;0.5782739766296426;0.666700005531311;10;23;-20.760799407958984;-20.842599868774414;-20.827800750732422;-20.763599395751953;-20.779199600219727
20049;2024-06-25;029-09-512738;OLTZ0966004BUR011-13-5;0.5778897593286472;0.3125;7;22;-23.814571380615234;-23.742856979370117;-23.75428581237793;-23.779142379760742;-23.7742862701416
20755;2024-06-25;030-32-001180;ORENSEPOS3210002OLT04-7-12;0.5765367544634781;0.25;2;17;-24.915000915527344;-24.9689998626709;-24.954999923706055;-24.9950008392334;-25.17300033569336
22512;2024-06-25;029-02-523534;OLTZ0210002ALB021-3-6;0.5761239396503909;0.375;7;22;-21.005332946777344;-20.930665969848633;-20.829999923706055;-20.904285430908203;-20.902856826782227
23197;2024-06-25;030-08-006764;HOSPITALCAN0810043OLT01-9-9;0.5759713222830202;0.6875;11;19;-20.851600646972656;-20.856000900268555;-20.890363693237305;-20.850181579589844;-20.823091506958008
27765;2024-06-25;029-17-515378;OLTZ1710002GER021-2-6;0.573546913323586;0.5;3;6;-22.510000228881836;-22.531999588012695;-22.55666732788086;-22.597999572753906;-22.49799919128418
15389;2024-06-25;030-08-017620;ELPRATCAS0810031OLT01-4-15;0.5731684891716436;0.3125;6;15;-22.643333435058594;-22.636667251586914;-22.614665985107422;-22.6386661529541;-22.652999877929688
16545;2024-06-25;030-48-021653;AREETAIBA4810002OLT01-4-2;0.5715610663307695;0.5;11;20;-21.30963706970215;-21.292726516723633;-21.31036376953125;-21.30854606628418;-21.32181739807129
18620;2024-06-25;029-07-534441;OLTZ0710003BAL531-6-4;0.571075795790249;0.3125;6;16;-20.44766616821289;-20.466999053955078;-20.836000442504883;-20.915599822998047;-20.805599212646484
19978;2024-06-25;029-08-661852;OLTZ0840003BAR122-16-7;0.5710417595299282;0.75;13;27;-19.2275390625;-19.170307159423828;-19.237077713012695;-19.23116683959961;-19.164167404174805
16153;2024-06-25;029-28-027037;OLTZ2810064MAD132-3-1;0.5708482696491421;0.5625;8;14;-22.443750381469727;-22.415000915527344;-22.398500442504883;-22.349000930786133;-22.399749755859375
778949;2024-06-25;029-08-673213;OLTZ0872022BAR011-6-9;0.5694889213559169;0.8125;13;26;-20.162166595458984;-20.21861457824707;-20.19184684753418;-20.202306747436523;-20.184616088867188
16619;2024-06-25;030-48-031044;BASAURIEST4810010OLT01-1-14;0.5690894357920318;0.625;5;16;-23.8887996673584;-23.856399536132812;-23.474332809448242;-23.36566734313965;-23.8351993560791
25052;2024-06-25;FTHCAD011T1104;OLTZ1130002CAD121-8-2;0.5684332854310424;0.25;1;4;-24.20400047302246;-24.09000015258789;-24.09000015258789;-24.20400047302246;-23.979999542236328
19942;2024-06-25;029-28-103303;OLTZ2810003MAD111-7-13;0.5668843139102672;0.375;5;17;-22.487600326538086;-22.343334197998047;-22.304000854492188;-22.362333297729492;-22.274333953857422
22612;2024-06-25;029-03-567333;OLTZ0364001ALI111-2-5;0.5666060893123402;0.4000000059604645;2;4;-22.941999435424805;-22.941999435424805;-23.01799964904785;-22.993000030517578;-22.9689998626709
435165;2024-06-25;029-08-673231;OLTZ0872022BAR011-6-9;0.5662456695876352;0.5625;10;21;-19.466800689697266;-19.492799758911133;-19.4414005279541;-19.461200714111328;-19.62733268737793
23298;2024-06-25;029-28-223598;OLTZ2810039MAD511-19-3;0.5660261319605798;0.4375;7;16;-21.191999435424805;-21.81771469116211;-22.382286071777344;-21.3665714263916;-20.285999298095703
25866;2024-06-25;FTHSEV111T1031;OLTZ4114001SEV011-19-5;0.5656546972166787;0.5;2;6;-20.69099998474121;-20.4950008392334;-20.42799949645996;-20.586000442504883;-20.60700035095215
30185;2024-06-25;029-03-563052;OLTZ0330001ALI021-13-8;0.5641664380753217;0.75;12;24;-20.991500854492188;-21.051454544067383;-21.05745506286621;-21.066499710083008;-21.068666458129883
24538;2024-06-25;029-41-021504;OLTZ4110019SEV021-6-14;0.5638384610950343;0.40630000829696655;15;39;-21.12146759033203;-21.086000442504883;-21.069000244140625;-21.038286209106445;-21.09428596496582
15527;2024-06-25;029-46-532940;OLTZ4615003VAL012-19-12;0.5637649740794904;0.34380000829696655;10;38;-20.961999893188477;-20.936399459838867;-20.94219970703125;-20.91659927368164;-20.892200469970703
21227;2024-06-25;029-08-518777;OLTZ0865006BAR121-6-15;0.5629776241469278;0.40630000829696655;10;96;-20.31599998474121;-20.317399978637695;-20.117273330688477;-20.150182723999023;-20.166362762451172
28654;2024-06-25;030-01-013236;VITORIALAK0110096OLT02-9-4;0.5629230908609717;0.45829999446868896;13;26;-20.54353904724121;-20.294857025146484;-20.52507781982422;-20.254858016967773;-20.253286361694336
19041;2024-06-25;030-01-003601;VITORIAZAR0110003OLT02-6-10;0.562092002785619;0.5;8;23;-21.165000915527344;-21.23550033569336;-21.232250213623047;-21.33074951171875;-21.243499755859375
2404;2024-06-25;030-36-000623;PONTEVEDPER3610001OLT01-5-7;0.5617989133024672;0.375;6;10;-23.253999710083008;-23.253999710083008;-23.26300048828125;-23.245332717895508;-23.245332717895508
14866;2024-06-25;029-28-812482;OLTZ2810038MAD521-3-11;0.5617622043547812;0.625;10;32;-21.33977699279785;-21.31511116027832;-21.28580093383789;-21.151199340820312;-21.0585994720459
16606;2024-06-25;029-28-341699;OLTZ2810038MAD512-16-7;0.5617010741407384;0.25;2;8;-20.225000381469727;-19.670665740966797;-19.663999557495117;-19.639333724975586;-19.913999557495117
27827;2024-06-25;029-45-509065;OLTZ4510002TOL011-16-3;0.5614706401476613;0.375;6;11;-22.700000762939453;-22.75;-22.667200088500977;-22.65959930419922;-22.692800521850586
539057;2024-06-25;029-41-503631;OLTZ4110019SEV021-4-2;0.5607183736447441;0.25;5;22;-20.033599853515625;-19.50040054321289;-20.584800720214844;-21.04400062561035;-21.26919937133789
19296;2024-06-25;029-11-540302;OLTZ1130002CAD122-4-4;0.5602951477447264;0.5;10;19;-21.461000442504883;-21.657400131225586;-21.624000549316406;-21.620800018310547;-21.620800018310547
14375;2024-06-25;029-28-612292;OLTZ2810064MAD131-7-15;0.5589996693031538;0.375;3;6;-22.935333251953125;-22.908666610717773;-22.911333084106445;-22.941333770751953;-22.878665924072266
5341;2024-06-25;029-07-518095;OLTZ0710003BAL522-5-6;0.5586376132160898;0.833299994468689;4;6;-19.346500396728516;-19.65399932861328;-19.48200035095215;-19.526500701904297;-19.58449935913086
29623;2024-06-25;029-28-283094;OLTT2810068MAD012-3-13;0.5577473132994462;0.46880000829696655;16;45;-19.144250869750977;-19.096799850463867;-19.179500579833984;-19.128625869750977;-19.095624923706055
15231;2024-06-25;029-08-182692;OLTZ0810025BAR111-16-8;0.5574206386470767;0.5;8;55;-21.207250595092773;-21.09575080871582;-21.267499923706055;-21.20199966430664;-21.121999740600586
164883;2024-06-25;029-11-518905;OLTZ1115001CAD112-12-7;0.5563189376762219;0.46880000829696655;12;32;-21.653066635131836;-21.6200008392334;-21.634000778198242;-21.639066696166992;-21.604534149169922
14498;2024-06-25;030-33-012066;AVILESMAG3320003OLT01-10-14;0.556031396725013;0.5;8;20;-21.434749603271484;-21.449249267578125;-21.460750579833984;-21.40475082397461;-21.506000518798828
28022;2024-06-25;030-20-001798;SANSEBASAMA2010002OLT02-13-14;0.555699000889532;0.428600013256073;12;42;-21.078832626342773;-21.066999435424805;-21.075332641601562;-21.109333038330078;-21.108333587646484
29256;2024-06-25;029-08-865856;OLTH0840003BAR141-13-0;0.5552827486440473;0.625;10;12;-19.784000396728516;-19.80299949645996;-19.805999755859375;-19.851999282836914;-19.81800079345703
16006;2024-06-25;030-29-010228;FUENGIROSUE2962007OLT01-1-14;0.5550964802069009;0.625;16;29;-20.700000762939453;-20.558874130249023;-20.52887535095215;-20.571624755859375;-20.56624984741211
16278;2024-06-25;029-28-547996;OLTZ2810008MAD111-6-5;0.5547230581812516;0.3125;5;12;-21.707599639892578;-21.720800399780273;-21.732799530029297;-21.719999313354492;-21.707599639892578
21754;2024-06-25;029-45-503030;OLTZ4569015TOL021-5-5;0.5529775547034544;0.5313000082969666;17;46;-20.869293212890625;-20.87858772277832;-20.797882080078125;-20.818470001220703;-20.844234466552734
13808;2024-06-25;029-28-579609;OLTT2812015MAD011-15-12;0.552706165367242;0.375;11;42;-22.286727905273438;-22.456363677978516;-22.873271942138672;-22.47109031677246;-22.63018226623535
2158;2024-06-25;030-47-000790;VALLADOLVAD4710004OLT01-8-16;0.5524799115156757;0.25;5;15;-23.36400032043457;-23.214799880981445;-23.300399780273438;-23.41080093383789;-23.350400924682617
2353;2024-06-25;030-01-002870;VITORIAZAR0110003OLT01-3-3;0.5524221523131991;0.5;3;14;-21.411333084106445;-21.389999389648438;-21.476667404174805;-21.709333419799805;-21.530000686645508
16510;2024-06-25;029-09-502933;OLTZ0910002BUR011-6-12;0.5521498800257572;0.5625;3;42;-20.538000106811523;-21.864665985107422;-21.841333389282227;-21.841333389282227;-21.81800079345703
27726;2024-06-25;029-03-503793;OLTZ0368002ALI011-19-4;0.5520411014912604;0.375;4;12;-22.534000396728516;-22.527000427246094;-22.5625;-22.582000732421875;-22.673999786376953
15902;2024-06-25;030-33-001376;OVIEDOBUE3310002OLT02-7-8;0.5514857937132455;0.583299994468689;15;34;-23.089599609375;-22.913875579833984;-22.972000122070312;-22.996374130249023;-22.9689998626709
1783;2024-06-25;FTHMAD531T1228;OLTZ2814001MAD111-8-15;0.5501973788136123;1.0;4;6;-19.846500396728516;-19.838499069213867;-19.826499938964844;-19.846500396728516;-19.920000076293945
19835;2024-06-25;030-28-000632;MADRIDPIL2810037OLT02-6-11;0.550046261389803;0.34380000829696655;11;56;-21.246000289916992;-21.359455108642578;-21.332727432250977;-21.341455459594727;-21.273090362548828
31080;2024-06-25;029-43-503318;OLTZ4302008TAR011-3-7;0.5500312044002561;0.1875;3;10;-21.64266586303711;-21.678667068481445;-21.628665924072266;-21.78333282470703;-21.97800064086914
1892;2024-06-25;030-28-000389;MADRIDPIL2810037OLT02-5-14;0.5499897422566165;0.375;8;75;-21.631750106811523;-21.344667434692383;-21.34000015258789;-21.306222915649414;-21.272443771362305
2012;2024-06-25;029-11-523731;OLTZ1130002CAD121-13-3;0.5499168744789019;0.40630000829696655;13;48;-20.675539016723633;-20.677230834960938;-20.662614822387695;-20.651691436767578;-21.346614837646484
15419;2024-06-25;030-33-010506;AVILESMAG3320003OLT01-6-6;0.549700385708404;0.25;4;12;-22.636999130249023;-22.649999618530273;-23.547332763671875;-23.082500457763672;-23.07349967956543
25070;2024-06-25;029-28-084432;OLTZ2810045MAD112-15-16;0.5492633913909438;0.4375;18;64;-22.254777908325195;-22.249221801757812;-22.28355598449707;-22.236000061035156;-22.264554977416992
15693;2024-06-25;029-17-513571;OLTZ1761001GER011-4-16;0.5483721562072104;0.1429000049829483;1;7;-24.437999725341797;-24.437999725341797;-24.437999725341797;-24.437999725341797;-24.437999725341797
16002;2024-06-25;FTHHLV041T1079;OLTZ2162001HLV011-2-15;0.5470090803037919;0.25;2;4;-23.208999633789062;-23.152999877929688;-23.152999877929688;-23.152999877929688;-23.180999755859375
13962;2024-06-25;029-38-512690;OLTZ3861016TEN012-2-16;0.5469955552093564;0.5313000082969666;16;47;-21.608625411987305;-21.367412567138672;-21.65250015258789;-21.623125076293945;-21.63425064086914
15041;2024-06-25;030-28-009883;ALCORCONCER2812010OLT01-8-12;0.546346050660191;0.5;8;21;-21.886999130249023;-21.855749130249023;-21.85474967956543;-21.88800048828125;-21.866750717163086
21644;2024-06-25;029-28-916913;OLTZ2812009MAD021-4-11;0.5462987194578696;0.25;2;8;-21.952999114990234;-21.915000915527344;-22.17099952697754;-21.874000549316406;-21.816999435424805
17271;2024-06-25;030-33-000139;OVIEDOBUE3310002OLT02-7-14;0.5458592815720577;0.625;6;10;-20.67766761779785;-20.786399841308594;-20.827999114990234;-20.806800842285156;-20.806800842285156
14254;2024-06-25;030-48-012266;BARACALDLAN4810007OLT02-4-13;0.545423983342439;0.5;6;20;-22.277334213256836;-22.2636661529541;-22.288665771484375;-22.21466636657715;-22.17133331298828
35510;2024-06-25;029-23-503622;OLTZ2310002JAE011-17-9;0.5447403574456194;0.5;8;14;-18.034500122070312;-18.02975082397461;-18.035749435424805;-18.103750228881836;-18.165000915527344
24984;2024-06-25;029-08-583155;OLTZ0810043BAR012-17-7;0.5443971572335041;0.375;6;23;-21.990333557128906;-22.002666473388672;-22.136667251586914;-22.033000946044922;-22.08366584777832
20130;2024-06-25;029-08-201850;OLTZ0810034BAR112-13-12;0.5443122685585795;0.5;6;37;-19.83571434020996;-19.930570602416992;-20.0805721282959;-20.129714965820312;-19.985000610351562
15119;2024-06-25;029-05-501465;OLTZ0510002AVI121-6-5;0.5442042414543747;0.15629999339580536;2;15;-21.439332962036133;-21.325332641601562;-21.28533363342285;-21.382667541503906;-21.41266632080078
16673;2024-06-25;029-08-873244;OLTH0871017BAR022-3-12;0.5435828733529601;0.6000000238418579;2;5;-20.204999923706055;-20.204999923706055;-20.235000610351562;-20.344999313354492;-20.239999771118164
24970;2024-06-25;029-28-606403;OLTZ2810064MAD132-2-6;0.5433011525881903;0.3125;10;30;-22.076799392700195;-22.11639976501465;-22.14900016784668;-22.122400283813477;-22.089000701904297
14751;2024-06-25;029-10-504833;OLTZ1010003CAC111-8-7;0.5431500952345077;0.5;15;42;-19.263999938964844;-19.282800674438477;-19.303733825683594;-19.458375930786133;-19.437374114990234
16489;2024-06-25;029-08-574045;OLTZ0840009BAR111-13-7;0.5426668270748115;0.6875;9;22;-20.881555557250977;-20.8935546875;-20.8966007232666;-21.036727905273438;-20.980182647705078
30386;2024-06-25;029-03-572810;OLTZ0362003ALI121-16-10;0.5416591966455423;1.0;4;11;-20.529499053955078;-20.502500534057617;-20.520000457763672;-20.482500076293945;-20.547000885009766
23221;2024-06-25;029-50-524523;OLTT5019008ZAR011-17-15;0.541553328015777;0.375;3;9;-20.304000854492188;-20.448667526245117;-20.243999481201172;-20.5853328704834;-20.49333381652832
13685;2024-06-25;029-28-027436;OLTZ2810064MAD131-6-14;0.5413880014278603;0.21879999339580536;8;20;-23.343250274658203;-23.273000717163086;-23.32525062561035;-23.269250869750977;-23.27775001525879
26871;2024-06-25;029-38-501728;OLTZ3810008TEN011-4-4;0.5411578821103419;0.375;5;16;-20.92919921875;-21.08799934387207;-21.056400299072266;-20.99880027770996;-21.13159942626953
29389;2024-06-25;029-29-569894;OLTZ2963003MAL111-18-11;0.5404498266804559;0.1875;3;16;-23.097333908081055;-23.18199920654297;-23.16200065612793;-23.16200065612793;-23.18199920654297
15895;2024-06-25;FTHMAL092T1017;OLTZ2914002MAL021-12-12;0.5392381603140946;0.5;2;4;-21.141000747680664;-21.104000091552734;-21.12299919128418;-21.172000885009766;-21.12299919128418
20253;2024-06-25;030-15-000547;LACORUNAHER1510004OLT01-7-16;0.5388847977703577;0.5;5;15;-20.77519989013672;-20.759199142456055;-20.737199783325195;-20.763599395751953;-20.77519989013672
27108;2024-06-25;029-07-507376;OLTZ0710005BAL112-4-2;0.5387129653031612;0.6875;10;39;-18.736600875854492;-18.72319984436035;-18.76959991455078;-18.800199508666992;-14.971799850463867
29208;2024-06-25;029-42-500510;OLTZ4210002SOR011-2-2;0.5378784918384941;0.625;10;42;-21.798999786376953;-21.798999786376953;-21.81839942932129;-21.791799545288086;-21.822599411010742
15205;2024-06-25;029-03-549381;OLTZ0330001ALI021-3-8;0.537736664790405;0.15629999339580536;5;12;-20.850400924682617;-20.785200119018555;-20.77199935913086;-20.647499084472656;-20.492000579833984
31047;2024-06-25;029-25-521303;OLTZ2510012LER522-13-6;0.5374494918271255;0.5625;8;19;-21.008249282836914;-20.985000610351562;-21.195999145507812;-21.293556213378906;-21.277334213256836
19046;2024-06-25;029-29-553502;OLTZ2910005MAL511-9-1;0.5364468351077644;0.39579999446868896;19;40;-21.532421112060547;-21.57705307006836;-21.541894912719727;-21.59589385986328;-21.506221771240234
14539;2024-06-25;029-03-584399;OLTZ0321011ALI011-4-15;0.5362113487946891;0.5;2;4;-21.457000732421875;-21.052000045776367;-21.284000396728516;-21.29599952697754;-21.329999923706055
27889;2024-06-25;029-08-520213;OLTZ0810034BAR122-12-7;0.5361880952221485;0.5;3;6;-20.148000717163086;-19.3700008392334;-20.097333908081055;-20.119333267211914;-20.145999908447266
16101;2024-06-25;030-01-003869;VITORIAZAR0110003OLT01-5-6;0.5356450255316023;0.5;4;12;-20.809499740600586;-20.868000030517578;-20.809499740600586;-20.868000030517578;-20.89900016784668
15743;2024-06-25;030-33-011025;AVILESMAG3320003OLT01-4-7;0.5354854678081835;0.375;9;20;-19.633399963378906;-19.557600021362305;-19.564800262451172;-19.516399383544922;-19.571199417114258
1798;2024-06-25;029-35-501760;OLTZ3510004LAP111-12-12;0.5352595438422542;0.3125;5;20;-18.665599822998047;-18.685199737548828;-18.670400619506836;-18.688800811767578;-18.689599990844727
24920;2024-06-25;029-03-555399;OLTZ0310008ALI011-13-11;0.5344571356396098;0.4375;7;23;-19.854000091552734;-19.887332916259766;-19.90399932861328;-19.6694278717041;-19.671428680419922
26601;2024-06-25;029-29-024005;OLTZ2910002MAL011-6-1;0.5328411597571868;0.5938000082969666;19;44;-21.436527252197266;-21.399578094482422;-21.41421127319336;-21.434526443481445;-21.41947364807129
15651;2024-06-25;029-08-809119;OLTZ0810007BAR322-15-4;0.5315782301608764;0.75;12;38;-21.28818130493164;-21.27963638305664;-21.471500396728516;-21.51016616821289;-21.464500427246094
23186;2024-06-25;030-36-002517;PONTEVEDPER3610001OLT01-8-14;0.5315495078687672;0.4375;9;18;-19.725555419921875;-19.691333770751953;-19.72511100769043;-19.729778289794922;-19.729778289794922
30215;2024-06-25;030-33-004278;OVIEDOPOR3310001OLT01-8-3;0.5315369627938654;0.75;7;17;-19.56599998474121;-19.53285789489746;-19.53066635131836;-19.430999755859375;-19.5223331451416
19266;2024-06-25;029-08-224475;OLTZ0810043BAR031-8-15;0.53148931629621;0.625;11;28;-20.639453887939453;-20.42727279663086;-21.208200454711914;-20.812999725341797;-20.54759979248047
15488;2024-06-25;029-08-502538;OLTZ0810037BAR111-17-10;0.5312332820612328;0.5625;9;29;-21.933332443237305;-21.949777603149414;-22.067249298095703;-22.057249069213867;-22.037555694580078
14653;2024-06-25;029-28-004697;OLTT2810043MAD021-12-13;0.5310965895785865;0.5;16;43;-18.621124267578125;-18.687000274658203;-18.619749069213867;-18.661624908447266;-18.7182674407959
2120;2024-06-25;029-41-523417;OLTZ4114002SEV011-3-14;0.530262506712137;0.4375;14;32;-19.625537872314453;-19.831571578979492;-19.850000381469727;-19.85342788696289;-19.938615798950195
14678;2024-06-25;029-28-666620;OLTZ2862006MAD011-8-12;0.5301647536125214;0.625;9;30;-18.672889709472656;-18.662221908569336;-18.641332626342773;-18.64555549621582;-18.637332916259766
23531;2024-06-25;029-28-700306;OLTZ2862001MAD112-4-16;0.5296228016221157;0.5;16;38;-19.699750900268555;-19.725866317749023;-19.750932693481445;-19.679733276367188;-19.694133758544922
2345;2024-06-25;029-28-566763;OLTT2810068MAD012-15-14;0.5291085377037199;0.375;6;14;-20.238666534423828;-20.209667205810547;-20.238666534423828;-20.2636661529541;-20.309999465942383
21998;2024-06-25;030-28-000051;MADRIDPIL2810037OLT02-2-5;0.5287628477344379;0.25;4;33;-22.80150032043457;-22.854000091552734;-22.899499893188477;-23.076499938964844;-22.81450080871582
2093;2024-06-25;029-08-858482;OLTZ0810027BAR521-16-2;0.5286128223894749;0.25;5;17;-20.436800003051758;-20.425600051879883;-20.41360092163086;-20.464399337768555;-20.457199096679688
15779;2024-06-25;029-48-503036;OLTH2064004VIZ511-8-13;0.5279836565891708;0.375;5;21;-18.667499542236328;-19.167999267578125;-19.06999969482422;-20.13599967956543;-19.527999877929688
23492;2024-06-25;029-46-023127;OLTT4610006VAL012-17-9;0.5279195620629089;0.4375;8;33;-16.635499954223633;-16.514999389648438;-18.072750091552734;-16.567249298095703;-16.578750610351562
21342;2024-06-25;029-08-508632;OLTZ0812001BAR111-17-3;0.5278407330144317;0.4000000059604645;1;5;-22.441999435424805;-22.365999221801758;-22.441999435424805;-22.520000457763672;-22.67799949645996
28657;2024-06-25;029-08-853722;OLTZ0810027BAR521-17-7;0.5276282402577221;0.375;5;10;-19.827600479125977;-19.8799991607666;-19.88159942626953;-19.79840087890625;-19.846399307250977
15806;2024-06-25;030-33-006590;OVIEDOPOR3310001OLT02-3-3;0.5273194645639687;0.4375;5;24;-21.422332763671875;-21.422666549682617;-21.54520034790039;-21.54640007019043;-21.644399642944336
22365;2024-06-25;FTHAVI001T1032;OLTZ0510002AVI111-12-6;0.5264964763816817;0.5;2;4;-19.249000549316406;-19.249000549316406;-19.211000442504883;-19.211000442504883;-19.207000732421875
14489;2024-06-25;030-48-002213;BILBAOBEG4810015OLT01-9-12;0.5263813698131458;0.3125;7;18;-21.98714256286621;-21.999143600463867;-22.092857360839844;-21.995141983032227;-22.016857147216797
21753;2024-06-25;029-43-526664;OLTZ4368004TAR012-7-16;0.5258680412669221;0.3125;5;10;-18.874799728393555;-18.837200164794922;-18.874799728393555;-18.788799285888672;-18.804000854492188
14811;2024-06-25;030-33-005900;OVIEDOPOR3310001OLT01-9-10;0.5254810300518586;0.375;3;17;-20.836666107177734;-20.864665985107422;-20.836666107177734;-20.836666107177734;-20.864665985107422
16269;2024-06-25;029-36-509776;OLTH3662005PON011-2-14;0.5253265466855448;0.2856999933719635;4;7;-21.532499313354492;-21.522499084472656;-21.604999542236328;-21.639999389648438;-21.672500610351562
30369;2024-06-25;029-08-518544;OLTZ0813002BAR012-4-10;0.5248540980209324;0.25;4;5;-20.975500106811523;-20.878000259399414;-20.957500457763672;-20.9689998626709;-20.913000106811523
19130;2024-06-25;030-20-004984;SANSEBASOND2010003OLT01-3-10;0.5247811813542658;0.375;3;6;-21.402000427246094;-21.36400032043457;-21.389999389648438;-21.389333724975586;-21.374000549316406
17953;2024-06-25;029-28-535173;OLTT2810064MAD122-2-3;0.5247580827910966;0.4375;6;20;-21.07699966430664;-21.14057159423828;-21.123428344726562;-21.183713912963867;-21.16685676574707
425438;2024-06-25;029-08-673345;OLTZ0872022BAR011-6-9;0.5242298056543291;0.3125;3;21;-21.100000381469727;-20.98150062561035;-20.9685001373291;-20.98150062561035;-21.961334228515625
18023;2024-06-25;029-08-828971;OLTZ0840003BAR131-12-3;0.524055679542806;0.21879999339580536;6;19;-23.579599380493164;-23.565000534057617;-23.474666595458984;-23.490333557128906;-23.506332397460938
25063;2024-06-25;029-29-549839;OLTZ2914002MAL011-19-5;0.523827959034841;0.25;4;6;-21.030000686645508;-20.889999389648438;-20.850000381469727;-20.877500534057617;-20.87299919128418
19091;2024-06-25;029-43-524306;OLTZ4368004TAR012-18-4;0.5237236506433979;0.5625;8;48;-20.101999282836914;-20.118749618530273;-20.149999618530273;-20.1512508392334;-20.108749389648438
16947;2024-06-25;030-28-000196;MADRIDPIL2810037OLT02-2-14;0.5229600589149028;0.375;4;30;-21.284000396728516;-21.207000732421875;-21.33049964904785;-21.367000579833984;-21.31100082397461
14318;2024-06-25;029-15-515935;OLTZ1513004LAC011-6-2;0.5224628215786572;0.0625;3;11;-20.702667236328125;-20.720666885375977;-20.702667236328125;-20.729999542236328;-20.702667236328125
15081;2024-06-25;029-12-532662;OLTZ1212003CAS011-13-3;0.5223017654234529;0.75;11;36;-18.771636962890625;-18.79450035095215;-18.805665969848633;-18.7896671295166;-18.7728328704834
699035;2024-06-25;029-26-501965;OLTZ2610002LAR011-2-3;0.5222102459830501;0.4375;7;55;-16.73228645324707;-16.76085662841797;-16.720571517944336;-16.82200050354004;-16.80485725402832
16144;2024-06-25;029-27-500323;OLTZ2710002LUG111-6-6;0.5220551583392614;0.4375;7;27;-20.41657066345215;-20.463428497314453;-20.47857093811035;-20.501142501831055;-20.44285774230957
4947;2024-06-25;029-29-551709;OLTZ2914002MAL011-19-12;0.5218061690803898;0.5625;9;14;-19.59000015258789;-19.5939998626709;-19.57844352722168;-19.60355567932129;-19.589555740356445
23368;2024-06-25;029-08-291520;OLTZ0814004BAR011-2-10;0.5211955693584841;0.25;4;34;-21.999500274658203;-22.294666290283203;-22.233333587646484;-22.268667221069336;-22.239999771118164
26686;2024-06-25;029-07-520516;OLTZ0710003BAL521-3-10;0.5209579688306781;0.75;6;8;-18.48466682434082;-18.498332977294922;-18.435333251953125;-18.40166664123535;-18.505666732788086
16095;2024-06-25;029-03-522517;OLTZ0312001ALI011-9-11;0.5203400999800604;0.3125;5;12;-21.555599212646484;-21.534400939941406;-21.561599731445312;-21.58919906616211;-21.51759910583496
16258;2024-06-25;FTHBAD061T1835;OLTZ0614006BAD011-2-14;0.5200429792391552;0.5;2;4;-18.52199935913086;-18.593000411987305;-18.575000762939453;-18.666000366210938;-18.72599983215332
600844;2024-06-25;029-23-503620;OLTZ2310002JAE011-17-9;0.519837099917091;0.375;3;8;-19.064666748046875;-19.055334091186523;-19.16200065612793;-19.327333450317383;-19.27466583251953
25269;2024-06-25;029-08-742464;OLTZ0814007BAR021-3-13;0.5197966386020192;0.28130000829696655;7;16;-18.744285583496094;-18.746000289916992;-18.736286163330078;-18.738000869750977;-18.76542854309082
15776;2024-06-25;029-46-041242;OLTZ4610004VAL121-5-13;0.5191124906614484;0.3125;5;28;-19.946399688720703;-19.959199905395508;-19.963600158691406;-19.582000732421875;-20.057199478149414
27178;2024-06-25;029-35-500426;OLTZ3510009LAP012-2-2;0.5190550550539859;0.40630000829696655;14;47;-19.407285690307617;-19.463285446166992;-19.3992862701416;-19.281572341918945;-19.261857986450195
14645;2024-06-25;030-08-004194;BARCELONARE0810001OLT81-9-13;0.5189578888334998;0.4375;8;28;-21.772750854492188;-21.86025047302246;-21.736499786376953;-21.767749786376953;-21.79075050354004
14326;2024-06-25;029-04-500943;OLTZ0410002ALM031-3-7;0.5184097903084016;0.25;8;32;-19.850000381469727;-20.014333724975586;-19.85824966430664;-19.9913330078125;-19.801000595092773
18135;2024-06-25;029-30-507146;OLTZ3010002MUR011-7-8;0.5182886316405935;0.25;3;16;-23.86199951171875;-23.86199951171875;-23.74799919128418;-23.784000396728516;-23.74799919128418
15064;2024-06-25;029-43-522098;OLTZ4367015TAR011-15-6;0.5180373610187015;0.6000000238418579;2;5;-18.551000595092773;-18.551000595092773;-18.551000595092773;-18.551000595092773;-18.56399917602539
16362;2024-06-25;030-33-010960;AVILESMAG3320003OLT02-2-7;0.5179000245399671;0.4375;8;22;-19.8752498626709;-19.98724937438965;-19.88825035095215;-19.88224983215332;-19.869749069213867
509986;2024-06-25;029-29-522717;OLTZ2962007MAL511-13-9;0.5177969357766878;0.25;2;11;-21.582666397094727;-21.383333206176758;-20.93899917602539;-20.80900001525879;-20.756000518798828
26013;2024-06-25;029-24-503745;OLTZ2410002LEO212-3-1;0.5177440720515427;0.25;4;10;-22.44499969482422;-22.347000122070312;-22.382999420166016;-22.35849952697754;-22.42099952697754
15035;2024-06-25;030-48-011232;BARACALDLAN4810007OLT01-6-8;0.5168459580869925;0.375;4;13;-19.3125;-19.304500579833984;-19.31999969482422;-19.327999114990234;-19.31999969482422
14672;2024-06-25;FTHGRA051T1049;OLTZ1812003GRA011-13-3;0.515976612373966;0.33329999446868896;1;3;-21.426000595092773;-21.426000595092773;-21.486000061035156;-21.486000061035156;-21.486000061035156
29264;2024-06-25;029-28-550815;OLTZ2812002MAD021-7-5;0.515681218819269;0.5;8;25;-21.22949981689453;-21.19124984741211;-21.200000762939453;-21.262250900268555;-21.206499099731445
27142;2024-06-25;029-21-544391;OLTH2168008HLV011-16-6;0.5156002575336812;0.875;7;14;-19.38857078552246;-19.40571403503418;-19.362857818603516;-19.385713577270508;-19.402856826782227
17158;2024-06-25;029-06-529204;OLTZ0667019BAD011-16-8;0.5147625963971306;0.25;2;16;-20.798999786376953;-20.93000030517578;-20.92300033569336;-21.06999969482422;-21.023000717163086
14843;2024-06-25;029-11-545717;OLTH1164005CAD011-2-13;0.5142745283831339;0.1429000049829483;2;7;-18.959999084472656;-18.959999084472656;-18.959999084472656;-18.889999389648438;-18.985000610351562
21028;2024-06-25;029-24-532729;OLTZ2410002LEO222-12-4;0.5140488110664867;0.5625;8;43;-19.746999740600586;-19.730749130249023;-19.550443649291992;-19.633777618408203;-19.588443756103516
14045;2024-06-25;029-43-532650;OLTZ4321002TAR021-5-6;0.5139559486186218;0.25;5;19;-19.126800537109375;-19.04840087890625;-19.103599548339844;-19.238000869750977;-19.24920082092285
24614;2024-06-25;029-46-101386;OLTT4610018VAL011-4-12;0.5134486266551239;0.4375;8;32;-19.829750061035156;-19.81049919128418;-19.791500091552734;-19.761249542236328;-19.75749969482422
26840;2024-06-25;029-29-530031;OLTZ2914002MAL021-5-4;0.5124902144502552;0.40630000829696655;17;20;-21.95258903503418;-21.9384708404541;-21.914823532104492;-21.89341163635254;-21.940000534057617
13623;2024-06-25;030-08-014078;IGUALADACLA0866006OLT01-2-9;0.5123735228552324;0.33329999446868896;5;12;-20.256000518798828;-20.217199325561523;-20.241199493408203;-20.261199951171875;-20.229999542236328
28892;2024-06-25;029-39-508637;OLTZ3910005CAN112-13-3;0.5123611860885419;0.375;6;12;-20.121334075927734;-20.0853328704834;-20.17366600036621;-20.1386661529541;-20.1163330078125
14115;2024-06-25;029-28-873337;OLTZ2810038MAD512-13-1;0.5121918751003343;0.5625;9;31;-21.24822235107422;-21.287111282348633;-21.2548885345459;-21.26644515991211;-21.302000045776367
15607;2024-06-25;029-08-841965;OLTZ0820001BAR012-4-9;0.5117906492187517;0.5625;7;12;-19.890857696533203;-19.815143585205078;-19.834857940673828;-19.918285369873047;-19.93400001525879
22453;2024-06-25;029-03-531941;OLTZ0368002ALI011-8-3;0.5116834983177503;0.3125;3;10;-19.567333221435547;-19.607999801635742;-19.58066749572754;-19.606666564941406;-19.60533332824707
1676;2024-06-25;029-08-062182;OLTT0810026BAR111-19-13;0.511159081115764;0.5;7;60;-20.253713607788086;-20.19942855834961;-20.112857818603516;-20.1971435546875;-20.19314193725586
19876;2024-06-25;030-08-026024;GAVAVIL0814003OLT02-6-8;0.5110995850582223;0.5;5;11;-21.214799880981445;-21.217599868774414;-21.24519920349121;-21.246400833129883;-21.241600036621094
28990;2024-06-25;029-43-521343;OLTZ4302008TAR021-15-6;0.5098854389311447;0.1875;4;12;-21.30299949645996;-21.28849983215332;-21.25749969482422;-21.280000686645508;-21.234500885009766
15420;2024-06-25;029-43-521394;OLTZ4321002TAR012-7-1;0.50949113282595;0.28130000829696655;10;31;-18.09480094909668;-17.923799514770508;-17.924800872802734;-17.99679946899414;-18.13279914855957
15453;2024-06-25;029-08-027090;OLTZ0810001BAR812-2-7;0.5093902939566102;0.3125;5;9;-21.903200149536133;-21.93320083618164;-21.922000885009766;-21.93440055847168;-21.957599639892578
31458;2024-06-25;029-24-504827;OLTZ2410002LEO211-16-9;0.5085179215423429;0.3125;5;17;-20.395999908447266;-20.47760009765625;-20.40839958190918;-20.45639991760254;-20.326400756835938
18278;2024-06-25;029-29-559195;OLTZ2910001MAL111-16-3;0.5082812532570934;0.3125;4;12;-20.61199951171875;-20.611499786376953;-20.569499969482422;-20.56599998474121;-20.594499588012695
16629;2024-06-25;029-12-501949;OLTZ1210002CAS111-7-6;0.5082413819059847;0.375;5;17;-19.81800079345703;-19.802400588989258;-19.79520034790039;-19.812400817871094;-19.804399490356445
27571;2024-06-25;029-50-531969;OLTZ5099999ZAR522-4-11;0.5079545518134223;0.25;3;17;-21.528499603271484;-21.503000259399414;-21.44700050354004;-21.40250015258789;-21.597333908081055
2500;2024-06-25;029-08-603630;OLTZ0810014BAR021-13-4;0.5078931983153362;0.4375;7;69;-21.31171417236328;-21.348857879638672;-21.29628562927246;-21.35285758972168;-21.407428741455078
13999;2024-06-25;029-46-587433;OLTT4610006VAL031-17-14;0.5077969319216296;0.4375;7;20;-21.387714385986328;-21.483428955078125;-21.411428451538086;-21.44771385192871;-21.423999786376953
15665;2024-06-25;029-08-825791;OLTZ0810024BAR522-14-11;0.5071483061119452;0.3125;9;65;-21.022666931152344;-20.97511100769043;-20.90244483947754;-20.966888427734375;-20.939777374267578
16436;2024-06-25;029-03-600726;OLTZ0366008ALI011-19-3;0.5070828508410324;1.0;2;1;-20.00200080871582;-19.76300048828125;-19.70400047302246;-19.569000244140625;-19.562000274658203
27696;2024-06-25;029-11-524530;OLTX1130002CAD111-19-5;0.5068893788932588;0.375;4;49;-20.62150001525879;-20.57699966430664;-20.524499893188477;-20.589000701904297;-20.512500762939453
27183;2024-06-25;029-30-514959;OLTZ3010002MUR011-19-7;0.5066078027060167;0.5;7;39;-19.924667358398438;-19.91200065612793;-20.08300018310547;-20.139249801635742;-20.03314208984375
4981;2024-06-25;029-02-521152;OLTZ0210003ALB111-18-9;0.5061215822724121;0.125;2;12;-19.966999053955078;-20.01300048828125;-20.259000778198242;-19.98200035095215;-20.01300048828125
14406;2024-06-25;030-32-003219;ORENSEPOS3210002OLT04-7-3;0.5061172486245054;0.625;5;20;-23.731199264526367;-23.79159927368164;-23.904399871826172;-24.036800384521484;-24.134000778198242
13704;2024-06-25;029-43-527873;OLTZ4368004TAR021-18-16;0.5060505721428031;0.25;4;12;-19.258499145507812;-19.20949935913086;-19.218000411987305;-19.23900032043457;-19.228500366210938
1898;2024-06-25;029-28-892724;OLTZ2810008MAD131-16-5;0.5053840282813887;0.375;6;22;-20.39666748046875;-20.41866683959961;-20.365333557128906;-20.38166618347168;-20.399999618530273
1719;2024-06-25;029-28-243048;OLTZ2810041MAD111-3-11;0.5053233728855415;0.1875;3;6;-19.890666961669922;-19.18600082397461;-19.117000579833984;-19.90399932861328;-19.899333953857422
15296;2024-06-25;029-46-581118;OLTZ4667011VAL011-3-14;0.5046098171941058;0.5;10;92;-20.78533363342285;-20.792667388916016;-20.732999801635742;-20.799800872802734;-20.79680061340332
14867;2024-06-25;029-50-527283;OLTZ5099999ZAR512-7-3;0.5041666718291242;0.3125;5;11;-21.579999923706055;-21.5447998046875;-21.569599151611328;-21.52239990234375;-21.618000030517578
14198;2024-06-25;029-30-552316;OLTZ3010003MUR121-16-10;0.5038069992768476;0.375;7;27;-20.389429092407227;-20.33799934387207;-20.39228630065918;-20.413143157958984;-20.37742805480957
1614;2024-06-25;029-17-508028;OLTZ1710002GER012-4-15;0.5028178390799182;0.125;5;17;-19.00119972229004;-19.04520034790039;-19.034000396728516;-19.072399139404297;-19.072799682617188
29725;2024-06-25;029-28-877416;OLTT2812015MAD012-15-11;0.5018886846930621;1.0;3;9;-21.569334030151367;-21.54599952697754;-21.571332931518555;-21.639333724975586;-21.571332931518555
203315;2024-06-25;029-46-580989;OLTZ4667011VAL011-5-9;0.501748883739271;0.3125;3;11;-21.016000747680664;-20.800800323486328;-21.031999588012695;-21.12066650390625;-21.090665817260742
15759;2024-06-25;029-41-023433;OLTZ4110019SEV011-5-6;0.5011225792037282;0.25;4;12;-21.38599967956543;-21.49250030517578;-21.413000106811523;-21.41699981689453;-21.42650032043457
18232;2024-06-25;029-08-502605;OLTZ0865006BAR111-15-13;0.5010956557388377;0.3125;4;44;-22.28700065612793;-22.351499557495117;-22.312000274658203;-22.181499481201172;-22.17799949645996
16412;2024-06-25;029-08-181533;OLTZ0810025BAR112-8-14;0.5008620996587672;0.25;4;16;-20.81049919128418;-20.732500076293945;-20.806499481201172;-20.761999130249023;-20.829999923706055
16149;2024-06-25;029-46-582639;OLTZ4610051VAL091-12-7;0.5007747292618353;0.5938000082969666;17;34;-19.806941986083984;-19.882234573364258;-19.953887939453125;-19.947999954223633;-19.889177322387695
18703;2024-06-25;029-46-541358;OLTZ4615003VAL011-5-12;0.5002133152568499;0.5;13;30;-19.0850772857666;-18.871692657470703;-18.89583396911621;-18.832000732421875;-18.823333740234375
